baseline_error,n_cases,pct_any_disagreement,mean_prediction_range,mean_prediction_variance
0,37,0.4864864864864865,0.5675675675675675,0.14020270270270271
1,30,0.6666666666666666,0.8666666666666667,0.22083333333333333
2,3,1.0,1.0,0.22916666666666666
