variant_a,variant_b,agreement_rate,mean_signed_diff,mean_abs_diff,pct_differ,accuracy_a,accuracy_b,accuracy_delta,mcnemar_p,n_discordant,cohens_h,cramers_v
female,male,0.6571428571428571,0.02857142857142857,0.37142857142857144,0.34285714285714286,0.4857142857142857,0.5142857142857142,0.028571428571428525,0.8145294189453125,18,-0.057150634538585265,0.5418297452981128
female,nb_ambiguous,0.5714285714285714,-0.04285714285714286,0.4714285714285714,0.42857142857142855,0.4857142857142857,0.5285714285714286,0.04285714285714287,0.6776394844055176,23,-0.08574931834995558,0.42982279209877206
female,nb_label_only,0.5714285714285714,-0.04285714285714286,0.4714285714285714,0.42857142857142855,0.4857142857142857,0.5285714285714286,0.04285714285714287,0.6891565167793516,25,-0.08574931834995558,0.33521283720369066
male,nb_ambiguous,0.6428571428571429,-0.07142857142857142,0.4142857142857143,0.35714285714285715,0.5142857142857142,0.5285714285714286,0.014285714285714346,1.0,19,-0.028598683811370318,0.36017433062199017
male,nb_label_only,0.7428571428571429,-0.07142857142857142,0.3,0.2571428571428571,0.5142857142857142,0.5285714285714286,0.014285714285714346,1.0,15,-0.028598683811370318,0.48807091844486317
nb_ambiguous,nb_label_only,0.6714285714285714,0.0,0.34285714285714286,0.32857142857142857,0.5285714285714286,0.5285714285714286,0.0,1.0,20,0.0,0.44401950849352767
