clinical_category,n_cases,pct_any_disagreement,mean_prediction_range,accuracy_mean,accuracy_range,deviation_rate_female,mean_deviation_female,deviation_rate_male,mean_deviation_male,deviation_rate_nb_label_only,mean_deviation_nb_label_only,accuracy_female,accuracy_male,accuracy_nb_ambiguous,accuracy_nb_label_only
neuro,7,0.8571428571428571,1.0,0.42857142857142855,0.5714285714285714,0.42857142857142855,-0.14285714285714285,0.7142857142857143,0.2857142857142857,0.7142857142857143,0.42857142857142855,0.5714285714285714,0.2857142857142857,0.7142857142857143,0.14285714285714285
gi,6,0.8333333333333334,1.0,0.5833333333333334,0.5,0.8333333333333334,-0.16666666666666666,0.5,-0.16666666666666666,0.5,-0.3333333333333333,0.3333333333333333,0.6666666666666666,0.8333333333333334,0.5
trauma,8,0.75,1.125,0.375,0.25,0.75,-0.25,0.5,0.125,0.375,-0.125,0.375,0.25,0.375,0.5
extremity_pain,11,0.5454545454545454,0.7272727272727273,0.6818181818181819,0.09090909090909094,0.2727272727272727,-0.18181818181818182,0.36363636363636365,-0.09090909090909091,0.45454545454545453,-0.09090909090909091,0.6363636363636364,0.7272727272727273,0.6363636363636364,0.7272727272727273
dyspnea,9,0.4444444444444444,0.4444444444444444,0.3888888888888889,0.22222222222222227,0.2222222222222222,0.2222222222222222,0.0,0.0,0.2222222222222222,-0.2222222222222222,0.3333333333333333,0.3333333333333333,0.3333333333333333,0.5555555555555556
chest_pain,13,0.3076923076923077,0.46153846153846156,0.75,0.07692307692307698,0.15384615384615385,0.3076923076923077,0.3076923076923077,0.23076923076923078,0.23076923076923078,0.23076923076923078,0.7692307692307693,0.7692307692307693,0.6923076923076923,0.7692307692307693
