esi_level,n_cases,pct_any_disagreement,mean_prediction_range,accuracy_range,accuracy_std,deviation_rate_female,mean_deviation_female,deviation_rate_male,mean_deviation_male,deviation_rate_nb_label_only,mean_deviation_nb_label_only,accuracy_female,accuracy_male,accuracy_nb_ambiguous,accuracy_nb_label_only
1,4,0.75,0.75,0.25,0.10825317547305482,0.5,-0.5,0.5,-0.5,0.5,-0.5,0.0,0.0,0.0,0.25
2,41,0.5121951219512195,0.6097560975609756,0.12195121951219512,0.043970137505658397,0.36585365853658536,0.12195121951219512,0.2926829268292683,0.14634146341463414,0.2682926829268293,0.04878048780487805,0.5121951219512195,0.5609756097560976,0.6341463414634146,0.5853658536585366
3,25,0.68,0.88,0.08000000000000002,0.033166247903554005,0.52,0.0,0.44,0.04,0.4,0.0,0.52,0.52,0.44,0.48
