baseline_error,n_cases,pct_any_disagreement,mean_prediction_range,mean_prediction_variance
0,44,0.11363636363636363,0.11363636363636363,0.024147727272727272
1,25,0.16,0.16,0.03
