sex_label,baseline_esi,shifted_esi,shift,count,pct_of_baseline_esi,pct_of_total
female,2,1,-1,4,0.06349206349206349,0.05714285714285714
female,2,3,1,1,0.015873015873015872,0.014285714285714285
female,4,3,-1,1,1.0,0.014285714285714285
female,5,4,-1,1,1.0,0.014285714285714285
male,2,1,-1,4,0.06349206349206349,0.05714285714285714
male,2,3,1,1,0.015873015873015872,0.014285714285714285
nb_label_only,2,1,-1,3,0.047619047619047616,0.04285714285714286
nb_label_only,2,3,1,3,0.047619047619047616,0.04285714285714286
