variant_a,variant_b,agreement_rate,mean_signed_diff,mean_abs_diff,pct_differ,accuracy_a,accuracy_b,accuracy_delta,mcnemar_p,n_discordant,cohens_h,cramers_v
female,male,0.9428571428571428,0.02857142857142857,0.05714285714285714,0.05714285714285714,0.6,0.5857142857142857,-0.014285714285714235,1.0,3,0.029078397062309413,0.9426922575653661
female,nb_ambiguous,0.9,0.07142857142857142,0.1,0.1,0.6,0.6285714285714286,0.02857142857142858,0.6875,6,-0.058706551924061934,0.8365546205460624
female,nb_label_only,0.9285714285714286,0.07142857142857142,0.07142857142857142,0.07142857142857142,0.6,0.6285714285714286,0.02857142857142858,0.625,4,-0.058706551924061934,0.9182707005664072
male,nb_ambiguous,0.9285714285714286,0.04285714285714286,0.07142857142857142,0.07142857142857142,0.5857142857142857,0.6285714285714286,0.042857142857142816,0.375,5,-0.08778494898637135,0.873250329267695
male,nb_label_only,0.9285714285714286,0.04285714285714286,0.07142857142857142,0.07142857142857142,0.5857142857142857,0.6285714285714286,0.042857142857142816,0.375,5,-0.08778494898637135,0.8862338094391018
nb_ambiguous,nb_label_only,0.9142857142857143,0.0,0.08571428571428572,0.08571428571428572,0.6285714285714286,0.6285714285714286,0.0,1.0,6,0.0,0.8451542547285166
