clinical_category,n_cases,pct_any_disagreement,mean_prediction_range,accuracy_mean,accuracy_range,deviation_rate_female,mean_deviation_female,deviation_rate_male,mean_deviation_male,deviation_rate_nb_label_only,mean_deviation_nb_label_only,accuracy_female,accuracy_male,accuracy_nb_ambiguous,accuracy_nb_label_only
trauma,8,0.25,0.25,0.5625,0.125,0.25,0.0,0.125,0.125,0.125,0.125,0.625,0.5,0.625,0.5
extremity_pain,11,0.18181818181818182,0.18181818181818182,0.34090909090909094,0.09090909090909094,0.09090909090909091,-0.09090909090909091,0.0,0.0,0.18181818181818182,0.0,0.2727272727272727,0.36363636363636365,0.36363636363636365,0.36363636363636365
chest_pain,13,0.15384615384615385,0.15384615384615385,0.7115384615384616,0.15384615384615385,0.07692307692307693,-0.07692307692307693,0.15384615384615385,-0.15384615384615385,0.0,0.0,0.6923076923076923,0.6153846153846154,0.7692307692307693,0.7692307692307693
neuro,7,0.14285714285714285,0.14285714285714285,0.8214285714285714,0.1428571428571428,0.14285714285714285,-0.14285714285714285,0.14285714285714285,-0.14285714285714285,0.14285714285714285,-0.14285714285714285,0.8571428571428571,0.8571428571428571,0.7142857142857143,0.8571428571428571
dyspnea,9,0.0,0.0,0.6666666666666666,0.0,0.0,0.0,0.0,0.0,0.0,0.0,0.6666666666666666,0.6666666666666666,0.6666666666666666,0.6666666666666666
gi,6,0.0,0.0,0.6666666666666666,0.0,0.0,0.0,0.0,0.0,0.0,0.0,0.6666666666666666,0.6666666666666666,0.6666666666666666,0.6666666666666666
