esi_level,n_cases,pct_any_disagreement,mean_prediction_range,accuracy_range,accuracy_std,deviation_rate_female,mean_deviation_female,deviation_rate_male,mean_deviation_male,deviation_rate_nb_label_only,mean_deviation_nb_label_only,accuracy_female,accuracy_male,accuracy_nb_ambiguous,accuracy_nb_label_only
1,4,0.25,0.25,0.25,0.10825317547305482,0.25,-0.25,0.25,-0.25,0.25,-0.25,0.5,0.5,0.25,0.5
2,41,0.12195121951219512,0.12195121951219512,0.09756097560975607,0.0399843812457439,0.0975609756097561,-0.04878048780487805,0.0975609756097561,-0.04878048780487805,0.07317073170731707,-0.024390243902439025,0.8780487804878049,0.8780487804878049,0.975609756097561,0.9024390243902439
3,25,0.16,0.16,0.08000000000000002,0.033166247903554005,0.08,-0.08,0.0,0.0,0.08,0.08,0.16,0.12,0.12,0.2
