baseline_error,n_cases,pct_any_disagreement,mean_prediction_range,mean_prediction_variance
0,42,0.11904761904761904,0.11904761904761904,0.023809523809523808
1,26,0.15384615384615385,0.15384615384615385,0.03365384615384615
