variant_a,variant_b,agreement_rate,mean_signed_diff,mean_abs_diff,pct_differ,accuracy_a,accuracy_b,accuracy_delta,mcnemar_p,n_discordant,cohens_h,cramers_v
female,male,0.9857142857142858,-0.014285714285714285,0.014285714285714285,0.014285714285714285,0.6142857142857143,0.6,-0.014285714285714346,1.0,1,0.02925209049578248,0.9893995980521977
female,nb_ambiguous,0.9142857142857143,0.0,0.08571428571428572,0.08571428571428572,0.6142857142857143,0.6,-0.014285714285714346,1.0,5,0.02925209049578248,0.9119742379589635
female,nb_label_only,0.9285714285714286,0.04285714285714286,0.07142857142857142,0.07142857142857142,0.6142857142857143,0.5714285714285714,-0.04285714285714293,0.375,5,0.0872624423807482,0.9319321363497051
male,nb_ambiguous,0.9,0.014285714285714285,0.1,0.1,0.6,0.6,0.0,1.0,6,0.0,0.901804587417808
male,nb_label_only,0.9142857142857143,0.05714285714285714,0.08571428571428572,0.08571428571428572,0.6,0.5714285714285714,-0.02857142857142858,0.6875,6,0.05801035188496573,0.9224601713586947
nb_ambiguous,nb_label_only,0.9285714285714286,0.04285714285714286,0.07142857142857142,0.07142857142857142,0.6,0.5714285714285714,-0.02857142857142858,0.625,4,0.05801035188496573,0.9419270555529023
