esi_level,n_cases,pct_any_disagreement,mean_prediction_range,accuracy_range,accuracy_std,deviation_rate_female,mean_deviation_female,deviation_rate_male,mean_deviation_male,deviation_rate_nb_label_only,mean_deviation_nb_label_only,accuracy_female,accuracy_male,accuracy_nb_ambiguous,accuracy_nb_label_only
1,4,0.25,0.25,0.25,0.10825317547305482,0.25,0.25,0.25,0.25,0.25,0.25,0.0,0.0,0.25,0.0
2,41,0.0975609756097561,0.0975609756097561,0.04878048780487809,0.02022332189241099,0.04878048780487805,0.0,0.04878048780487805,0.0,0.0975609756097561,0.04878048780487805,0.6829268292682927,0.6829268292682927,0.6585365853658537,0.6341463414634146
3,25,0.16,0.16,0.039999999999999925,0.017320508075688742,0.12,-0.04,0.16,-0.08,0.0,0.0,0.6,0.56,0.56,0.56
