clinical_category,n_cases,pct_any_disagreement,mean_prediction_range,accuracy_mean,accuracy_range,deviation_rate_female,mean_deviation_female,deviation_rate_male,mean_deviation_male,deviation_rate_nb_label_only,mean_deviation_nb_label_only,accuracy_female,accuracy_male,accuracy_nb_ambiguous,accuracy_nb_label_only
trauma,8,0.375,0.375,0.3125,0.125,0.125,0.125,0.25,0.0,0.25,0.25,0.375,0.25,0.375,0.25
dyspnea,9,0.2222222222222222,0.2222222222222222,0.6666666666666666,0.0,0.2222222222222222,0.0,0.2222222222222222,0.0,0.2222222222222222,0.0,0.6666666666666666,0.6666666666666666,0.6666666666666666,0.6666666666666666
extremity_pain,11,0.18181818181818182,0.18181818181818182,0.45454545454545453,0.0,0.18181818181818182,-0.18181818181818182,0.18181818181818182,-0.18181818181818182,0.0,0.0,0.45454545454545453,0.45454545454545453,0.45454545454545453,0.45454545454545453
chest_pain,13,0.15384615384615385,0.15384615384615385,0.8653846153846154,0.15384615384615385,0.07692307692307693,0.07692307692307693,0.07692307692307693,0.07692307692307693,0.07692307692307693,0.07692307692307693,0.9230769230769231,0.9230769230769231,0.8461538461538461,0.7692307692307693
gi,6,0.0,0.0,0.6666666666666666,0.0,0.0,0.0,0.0,0.0,0.0,0.0,0.6666666666666666,0.6666666666666666,0.6666666666666666,0.6666666666666666
neuro,7,0.0,0.0,0.5714285714285714,0.0,0.0,0.0,0.0,0.0,0.0,0.0,0.5714285714285714,0.5714285714285714,0.5714285714285714,0.5714285714285714
