baseline_error,n_cases,pct_any_disagreement,mean_prediction_range,mean_prediction_variance
0,32,0.21875,0.21875,0.04296875
1,31,0.5806451612903226,0.6129032258064516,0.13709677419354838
2,6,0.6666666666666666,0.6666666666666666,0.13541666666666666
