variant_a,variant_b,agreement_rate,mean_signed_diff,mean_abs_diff,pct_differ,accuracy_a,accuracy_b,accuracy_delta,mcnemar_p,n_discordant,cohens_h,cramers_v
female,male,0.7714285714285715,-0.014285714285714285,0.24285714285714285,0.22857142857142856,0.5,0.6142857142857143,0.11428571428571432,0.057373046875,14,-0.23061001128611314,0.679610249701784
female,nb_ambiguous,0.7571428571428571,0.14285714285714285,0.2571428571428571,0.24285714285714285,0.5,0.45714285714285713,-0.04285714285714287,0.6072387695312499,15,0.08581959050589605,0.6774834553401982
female,nb_label_only,0.7428571428571429,0.05714285714285714,0.2571428571428571,0.2571428571428571,0.5,0.5428571428571428,0.042857142857142816,0.6072387695312499,15,-0.08581959050589538,0.6315795863489999
male,nb_ambiguous,0.7142857142857143,0.15714285714285714,0.3,0.2857142857142857,0.6142857142857143,0.45714285714285713,-0.1571428571428572,0.00738525390625,15,0.3164296017920092,0.5719772666877124
male,nb_label_only,0.8,0.07142857142857142,0.21428571428571427,0.2,0.6142857142857143,0.5428571428571428,-0.07142857142857151,0.2265625,11,0.14479042078021775,0.7555689723378937
nb_ambiguous,nb_label_only,0.7857142857142857,-0.08571428571428572,0.22857142857142856,0.21428571428571427,0.45714285714285713,0.5428571428571428,0.08571428571428569,0.109375,10,-0.17163918101179143,0.6302794247171242
