clinical_category,n_cases,pct_any_disagreement,mean_prediction_range,accuracy_mean,accuracy_range,deviation_rate_female,mean_deviation_female,deviation_rate_male,mean_deviation_male,deviation_rate_nb_label_only,mean_deviation_nb_label_only,accuracy_female,accuracy_male,accuracy_nb_ambiguous,accuracy_nb_label_only
extremity_pain,11,0.6363636363636364,0.6363636363636364,0.5454545454545454,0.18181818181818182,0.36363636363636365,-0.18181818181818182,0.36363636363636365,-0.18181818181818182,0.18181818181818182,0.0,0.45454545454545453,0.6363636363636364,0.45454545454545453,0.6363636363636364
dyspnea,9,0.4444444444444444,0.4444444444444444,0.5555555555555556,0.33333333333333337,0.3333333333333333,-0.1111111111111111,0.3333333333333333,-0.3333333333333333,0.0,0.0,0.5555555555555556,0.7777777777777778,0.4444444444444444,0.4444444444444444
neuro,7,0.42857142857142855,0.5714285714285714,0.5714285714285714,0.28571428571428575,0.14285714285714285,-0.14285714285714285,0.42857142857142855,-0.14285714285714285,0.2857142857142857,-0.2857142857142857,0.5714285714285714,0.5714285714285714,0.42857142857142855,0.7142857142857143
trauma,8,0.375,0.5,0.25,0.0,0.25,-0.375,0.375,-0.25,0.375,-0.25,0.25,0.25,0.25,0.25
chest_pain,13,0.23076923076923078,0.23076923076923078,0.7884615384615385,0.23076923076923084,0.07692307692307693,-0.07692307692307693,0.23076923076923078,-0.07692307692307693,0.07692307692307693,-0.07692307692307693,0.7692307692307693,0.9230769230769231,0.6923076923076923,0.7692307692307693
gi,6,0.16666666666666666,0.16666666666666666,0.5416666666666666,0.16666666666666663,0.16666666666666666,0.16666666666666666,0.16666666666666666,0.16666666666666666,0.16666666666666666,0.16666666666666666,0.5,0.5,0.6666666666666666,0.5
