esi_level,n_cases,pct_any_disagreement,mean_prediction_range,accuracy_range,accuracy_std,deviation_rate_female,mean_deviation_female,deviation_rate_male,mean_deviation_male,deviation_rate_nb_label_only,mean_deviation_nb_label_only,accuracy_female,accuracy_male,accuracy_nb_ambiguous,accuracy_nb_label_only
1,4,0.75,0.75,0.25,0.10825317547305482,0.0,0.0,0.5,-0.5,0.25,0.25,0.0,0.25,0.0,0.0
2,41,0.3902439024390244,0.43902439024390244,0.14634146341463417,0.05280642706002675,0.24390243902439024,-0.17073170731707318,0.2926829268292683,-0.17073170731707318,0.2682926829268293,-0.14634146341463414,0.5853658536585366,0.6341463414634146,0.4878048780487805,0.5609756097560976
3,25,0.44,0.44,0.2,0.08246211251235322,0.28,-0.12,0.24,-0.08,0.12,-0.04,0.44,0.64,0.48,0.6
