baseline_error,n_cases,pct_any_disagreement,mean_prediction_range,mean_prediction_variance
0,44,0.18181818181818182,0.20454545454545456,0.05113636363636364
1,23,0.2608695652173913,0.2608695652173913,0.05434782608695652
