variant_a,variant_b,agreement_rate,mean_signed_diff,mean_abs_diff,pct_differ,accuracy_a,accuracy_b,accuracy_delta,mcnemar_p,n_discordant,cohens_h,cramers_v
female,male,0.8857142857142857,0.04285714285714286,0.12857142857142856,0.11428571428571428,0.5714285714285714,0.6142857142857143,0.04285714285714293,0.453125,7,-0.0872624423807482,0.8659719987806969
female,nb_ambiguous,0.8857142857142857,0.05714285714285714,0.11428571428571428,0.11428571428571428,0.5714285714285714,0.6285714285714286,0.05714285714285716,0.2890625,8,-0.11671690380902766,0.8837218415086363
female,nb_label_only,0.8714285714285714,0.014285714285714285,0.12857142857142856,0.12857142857142856,0.5714285714285714,0.6142857142857143,0.04285714285714293,0.5078125,9,-0.0872624423807482,0.8676866505850249
male,nb_ambiguous,0.8571428571428571,0.014285714285714285,0.15714285714285714,0.14285714285714285,0.6142857142857143,0.6285714285714286,0.014285714285714235,1.0,9,-0.029454461428279455,0.8607692428118552
male,nb_label_only,0.8714285714285714,-0.02857142857142857,0.14285714285714285,0.12857142857142856,0.6142857142857143,0.6142857142857143,0.0,1.0,8,0.0,0.8662425586026027
nb_ambiguous,nb_label_only,0.9571428571428572,-0.04285714285714286,0.04285714285714286,0.04285714285714286,0.6285714285714286,0.6142857142857143,-0.014285714285714235,1.0,3,0.029454461428279455,0.9765727479219385
