clinical_category,n_cases,pct_any_disagreement,mean_prediction_range,accuracy_mean,accuracy_range,deviation_rate_female,mean_deviation_female,deviation_rate_male,mean_deviation_male,deviation_rate_nb_label_only,mean_deviation_nb_label_only,accuracy_female,accuracy_male,accuracy_nb_ambiguous,accuracy_nb_label_only
dyspnea,9,0.4444444444444444,0.4444444444444444,0.6666666666666666,0.33333333333333337,0.3333333333333333,-0.1111111111111111,0.1111111111111111,-0.1111111111111111,0.2222222222222222,-0.2222222222222222,0.4444444444444444,0.6666666666666666,0.7777777777777778,0.7777777777777778
gi,6,0.3333333333333333,0.3333333333333333,0.6666666666666666,0.0,0.3333333333333333,-0.3333333333333333,0.3333333333333333,-0.3333333333333333,0.0,0.0,0.6666666666666666,0.6666666666666666,0.6666666666666666,0.6666666666666666
extremity_pain,11,0.2727272727272727,0.2727272727272727,0.5454545454545454,0.18181818181818182,0.09090909090909091,0.09090909090909091,0.2727272727272727,0.09090909090909091,0.0,0.0,0.45454545454545453,0.6363636363636364,0.5454545454545454,0.5454545454545454
trauma,8,0.25,0.25,0.21875,0.125,0.125,-0.125,0.125,0.125,0.0,0.0,0.125,0.25,0.25,0.25
chest_pain,13,0.0,0.0,0.8461538461538461,0.0,0.0,0.0,0.0,0.0,0.0,0.0,0.8461538461538461,0.8461538461538461,0.8461538461538461,0.8461538461538461
neuro,7,0.0,0.0,0.5714285714285714,0.0,0.0,0.0,0.0,0.0,0.0,0.0,0.5714285714285714,0.5714285714285714,0.5714285714285714,0.5714285714285714
