esi_level,n_cases,pct_any_disagreement,mean_prediction_range,accuracy_range,accuracy_std,deviation_rate_female,mean_deviation_female,deviation_rate_male,mean_deviation_male,deviation_rate_nb_label_only,mean_deviation_nb_label_only,accuracy_female,accuracy_male,accuracy_nb_ambiguous,accuracy_nb_label_only
1,4,0.25,0.25,0.25,0.10825317547305482,0.25,0.25,0.0,0.0,0.0,0.0,0.0,0.25,0.25,0.25
2,41,0.0975609756097561,0.12195121951219512,0.024390243902439046,0.012195121951219523,0.024390243902439025,-0.024390243902439025,0.07317073170731707,0.04878048780487805,0.024390243902439025,-0.024390243902439025,0.7317073170731707,0.7073170731707317,0.7073170731707317,0.7317073170731707
3,25,0.36,0.36,0.16000000000000003,0.05916079783099617,0.24,-0.16,0.28,-0.12,0.08,-0.08,0.4,0.52,0.56,0.48
