sex_label,baseline_esi,shifted_esi,shift,count,pct_of_baseline_esi,pct_of_total
female,2,3,1,3,0.08333333333333333,0.04285714285714286
female,4,5,1,1,0.125,0.014285714285714285
male,2,3,1,1,0.027777777777777776,0.014285714285714285
male,4,3,-1,1,0.125,0.014285714285714285
nb_label_only,2,3,1,2,0.05555555555555555,0.02857142857142857
