variant_a,variant_b,agreement_rate,mean_signed_diff,mean_abs_diff,pct_differ,accuracy_a,accuracy_b,accuracy_delta,mcnemar_p,n_discordant,cohens_h,cramers_v
female,male,0.9428571428571428,-0.05714285714285714,0.05714285714285714,0.05714285714285714,0.5571428571428572,0.5714285714285714,0.014285714285714235,1.0,3,-0.028811595673065238,0.9146405385029164
female,nb_ambiguous,0.9428571428571428,-0.05714285714285714,0.05714285714285714,0.05714285714285714,0.5571428571428572,0.5714285714285714,0.014285714285714235,1.0,3,-0.028811595673065238,0.9291597614613112
female,nb_label_only,0.9714285714285714,-0.02857142857142857,0.02857142857142857,0.02857142857142857,0.5571428571428572,0.5428571428571428,-0.014285714285714346,1.0,1,0.02871638272640431,0.9466571114721356
male,nb_ambiguous,0.9714285714285714,0.0,0.02857142857142857,0.02857142857142857,0.5714285714285714,0.5714285714285714,0.0,1.0,2,0.0,0.9699558721608907
male,nb_label_only,0.9714285714285714,0.02857142857142857,0.02857142857142857,0.02857142857142857,0.5714285714285714,0.5428571428571428,-0.02857142857142858,0.5,2,0.05752797839946955,0.9701244914574727
nb_ambiguous,nb_label_only,0.9714285714285714,0.02857142857142857,0.02857142857142857,0.02857142857142857,0.5714285714285714,0.5428571428571428,-0.02857142857142858,0.5,2,0.05752797839946955,0.9821641739782941
