esi_level,n_cases,pct_any_disagreement,mean_prediction_range,accuracy_range,accuracy_std,deviation_rate_female,mean_deviation_female,deviation_rate_male,mean_deviation_male,deviation_rate_nb_label_only,mean_deviation_nb_label_only,accuracy_female,accuracy_male,accuracy_nb_ambiguous,accuracy_nb_label_only
1,4,0.0,0.0,0.0,0.0,0.0,0.0,0.0,0.0,0.0,0.0,0.25,0.25,0.25,0.25
2,41,0.04878048780487805,0.04878048780487805,0.04878048780487809,0.02022332189241099,0.04878048780487805,0.04878048780487805,0.024390243902439025,0.024390243902439025,0.04878048780487805,0.04878048780487805,0.6341463414634146,0.6585365853658537,0.6829268292682927,0.6341463414634146
3,25,0.12,0.12,0.03999999999999998,0.01999999999999999,0.08,0.08,0.04,-0.04,0.0,0.0,0.48,0.48,0.44,0.44
