clinical_category,n_cases,pct_any_disagreement,mean_prediction_range,accuracy_mean,accuracy_range,deviation_rate_female,mean_deviation_female,deviation_rate_male,mean_deviation_male,deviation_rate_nb_label_only,mean_deviation_nb_label_only,accuracy_female,accuracy_male,accuracy_nb_ambiguous,accuracy_nb_label_only
extremity_pain,11,0.2727272727272727,0.2727272727272727,0.5909090909090908,0.09090909090909094,0.18181818181818182,0.18181818181818182,0.18181818181818182,0.0,0.09090909090909091,0.09090909090909091,0.5454545454545454,0.6363636363636364,0.6363636363636364,0.5454545454545454
gi,6,0.16666666666666666,0.16666666666666666,0.75,0.16666666666666674,0.16666666666666666,0.16666666666666666,0.0,0.0,0.16666666666666666,0.16666666666666666,0.6666666666666666,0.8333333333333334,0.8333333333333334,0.6666666666666666
dyspnea,9,0.1111111111111111,0.1111111111111111,0.5833333333333334,0.11111111111111105,0.1111111111111111,0.1111111111111111,0.0,0.0,0.0,0.0,0.6666666666666666,0.5555555555555556,0.5555555555555556,0.5555555555555556
chest_pain,13,0.0,0.0,0.8461538461538461,0.0,0.0,0.0,0.0,0.0,0.0,0.0,0.8461538461538461,0.8461538461538461,0.8461538461538461,0.8461538461538461
neuro,7,0.0,0.0,0.42857142857142855,0.0,0.0,0.0,0.0,0.0,0.0,0.0,0.42857142857142855,0.42857142857142855,0.42857142857142855,0.42857142857142855
trauma,8,0.0,0.0,0.125,0.0,0.0,0.0,0.0,0.0,0.0,0.0,0.125,0.125,0.125,0.125
