baseline_error,n_cases,pct_any_disagreement,mean_prediction_range,mean_prediction_variance
0,38,0.05263157894736842,0.05263157894736842,0.013157894736842105
1,28,0.17857142857142858,0.17857142857142858,0.03794642857142857
2,4,0.25,0.25,0.0625
