variant_a,variant_b,agreement_rate,mean_signed_diff,mean_abs_diff,pct_differ,accuracy_a,accuracy_b,accuracy_delta,mcnemar_p,n_discordant,cohens_h,cramers_v
female,male,0.9285714285714286,0.04285714285714286,0.07142857142857142,0.07142857142857142,0.6142857142857143,0.5428571428571428,-0.07142857142857151,0.0625,5,0.14479042078021775,0.9433308647027044
female,nb_ambiguous,0.9142857142857143,0.02857142857142857,0.08571428571428572,0.08571428571428572,0.6142857142857143,0.5428571428571428,-0.07142857142857151,0.0625,5,0.14479042078021775,0.9341317448049552
female,nb_label_only,0.9428571428571428,0.02857142857142857,0.05714285714285714,0.05714285714285714,0.6142857142857143,0.5714285714285714,-0.04285714285714293,0.25,3,0.0872624423807482,0.950997021686856
male,nb_ambiguous,0.9285714285714286,-0.014285714285714285,0.07142857142857142,0.07142857142857142,0.5428571428571428,0.5428571428571428,0.0,1.0,4,0.0,0.9317474343675853
male,nb_label_only,0.9571428571428572,-0.014285714285714285,0.04285714285714286,0.04285714285714286,0.5428571428571428,0.5714285714285714,0.02857142857142858,0.5,2,-0.05752797839946955,0.9729162915677515
nb_ambiguous,nb_label_only,0.9142857142857143,0.0,0.08571428571428572,0.08571428571428572,0.5428571428571428,0.5714285714285714,0.02857142857142858,0.6875,6,-0.05752797839946955,0.9223627683476509
