esi_level,n_cases,pct_any_disagreement,mean_prediction_range,accuracy_range,accuracy_std,deviation_rate_female,mean_deviation_female,deviation_rate_male,mean_deviation_male,deviation_rate_nb_label_only,mean_deviation_nb_label_only,accuracy_female,accuracy_male,accuracy_nb_ambiguous,accuracy_nb_label_only
1,4,0.25,0.25,0.0,0.0,0.25,-0.25,0.25,-0.25,0.0,0.0,0.25,0.25,0.25,0.25
2,41,0.07317073170731707,0.07317073170731707,0.07317073170731703,0.02726912167682669,0.04878048780487805,-0.04878048780487805,0.024390243902439025,0.024390243902439025,0.07317073170731707,-0.024390243902439025,0.7560975609756098,0.6829268292682927,0.7073170731707317,0.7317073170731707
3,25,0.16,0.16,0.12,0.04358898943540673,0.12,0.04,0.12,0.04,0.12,0.04,0.44,0.36,0.32,0.36
