clinical_category,n_cases,pct_any_disagreement,mean_prediction_range,accuracy_mean,accuracy_range,deviation_rate_female,mean_deviation_female,deviation_rate_male,mean_deviation_male,deviation_rate_nb_label_only,mean_deviation_nb_label_only,accuracy_female,accuracy_male,accuracy_nb_ambiguous,accuracy_nb_label_only
neuro,7,0.2857142857142857,0.2857142857142857,0.6428571428571428,0.1428571428571429,0.2857142857142857,-0.2857142857142857,0.14285714285714285,-0.14285714285714285,0.14285714285714285,-0.14285714285714285,0.7142857142857143,0.5714285714285714,0.5714285714285714,0.7142857142857143
extremity_pain,11,0.2727272727272727,0.2727272727272727,0.5454545454545454,0.18181818181818182,0.18181818181818182,0.0,0.2727272727272727,0.09090909090909091,0.2727272727272727,0.09090909090909091,0.6363636363636364,0.5454545454545454,0.45454545454545453,0.5454545454545454
gi,6,0.16666666666666666,0.16666666666666666,0.5416666666666666,0.16666666666666663,0.16666666666666666,0.16666666666666666,0.0,0.0,0.0,0.0,0.6666666666666666,0.5,0.5,0.5
chest_pain,13,0.0,0.0,0.8461538461538461,0.0,0.0,0.0,0.0,0.0,0.0,0.0,0.8461538461538461,0.8461538461538461,0.8461538461538461,0.8461538461538461
dyspnea,9,0.0,0.0,0.5555555555555556,0.0,0.0,0.0,0.0,0.0,0.0,0.0,0.5555555555555556,0.5555555555555556,0.5555555555555556,0.5555555555555556
trauma,8,0.0,0.0,0.125,0.0,0.0,0.0,0.0,0.0,0.0,0.0,0.125,0.125,0.125,0.125
