variant_a,variant_b,agreement_rate,mean_signed_diff,mean_abs_diff,pct_differ,accuracy_a,accuracy_b,accuracy_delta,mcnemar_p,n_discordant,cohens_h,cramers_v
female,male,0.9142857142857143,0.0,0.08571428571428572,0.08571428571428572,0.5428571428571428,0.5571428571428572,0.014285714285714346,1.0,5,-0.02871638272640431,0.9116341783821634
female,nb_ambiguous,0.9142857142857143,0.05714285714285714,0.08571428571428572,0.08571428571428572,0.5428571428571428,0.4857142857142857,-0.057142857142857106,0.21875,6,0.11439490777518824,0.8944119670959975
female,nb_label_only,0.9,-0.014285714285714285,0.1,0.1,0.5428571428571428,0.5142857142857142,-0.02857142857142858,0.6875,6,0.05724427323660297,0.8928106758307427
male,nb_ambiguous,0.8571428571428571,0.05714285714285714,0.14285714285714285,0.14285714285714285,0.5571428571428572,0.4857142857142857,-0.07142857142857145,0.1796875,9,0.14311129050159255,0.8613285269139297
male,nb_label_only,0.9285714285714286,-0.014285714285714285,0.07142857142857142,0.07142857142857142,0.5571428571428572,0.5142857142857142,-0.04285714285714293,0.25,3,0.08596065596300728,0.921426429574613
nb_ambiguous,nb_label_only,0.8714285714285714,-0.07142857142857142,0.12857142857142856,0.12857142857142856,0.4857142857142857,0.5142857142857142,0.028571428571428525,0.7265625,8,-0.057150634538585265,0.8639432677243604
