clinical_category,n_cases,pct_any_disagreement,mean_prediction_range,accuracy_mean,accuracy_range,deviation_rate_female,mean_deviation_female,deviation_rate_male,mean_deviation_male,deviation_rate_nb_label_only,mean_deviation_nb_label_only,accuracy_female,accuracy_male,accuracy_nb_ambiguous,accuracy_nb_label_only
neuro,7,0.2857142857142857,0.2857142857142857,0.3214285714285714,0.2857142857142857,0.14285714285714285,-0.14285714285714285,0.2857142857142857,-0.2857142857142857,0.2857142857142857,-0.2857142857142857,0.2857142857142857,0.42857142857142855,0.14285714285714285,0.42857142857142855
extremity_pain,11,0.2727272727272727,0.2727272727272727,0.5227272727272727,0.18181818181818182,0.18181818181818182,-0.18181818181818182,0.09090909090909091,-0.09090909090909091,0.18181818181818182,-0.18181818181818182,0.6363636363636364,0.5454545454545454,0.45454545454545453,0.45454545454545453
dyspnea,9,0.2222222222222222,0.2222222222222222,0.4444444444444444,0.22222222222222227,0.1111111111111111,-0.1111111111111111,0.2222222222222222,-0.2222222222222222,0.1111111111111111,-0.1111111111111111,0.4444444444444444,0.5555555555555556,0.3333333333333333,0.4444444444444444
chest_pain,13,0.07692307692307693,0.07692307692307693,0.826923076923077,0.07692307692307687,0.07692307692307693,-0.07692307692307693,0.07692307692307693,-0.07692307692307693,0.07692307692307693,-0.07692307692307693,0.8461538461538461,0.8461538461538461,0.7692307692307693,0.8461538461538461
gi,6,0.0,0.0,0.6666666666666666,0.0,0.0,0.0,0.0,0.0,0.0,0.0,0.6666666666666666,0.6666666666666666,0.6666666666666666,0.6666666666666666
trauma,8,0.0,0.0,0.375,0.0,0.0,0.0,0.0,0.0,0.0,0.0,0.375,0.375,0.375,0.375
