esi_level,n_cases,pct_any_disagreement,mean_prediction_range,accuracy_range,accuracy_std,deviation_rate_female,mean_deviation_female,deviation_rate_male,mean_deviation_male,deviation_rate_nb_label_only,mean_deviation_nb_label_only,accuracy_female,accuracy_male,accuracy_nb_ambiguous,accuracy_nb_label_only
1,4,0.0,0.0,0.0,0.0,0.0,0.0,0.0,0.0,0.0,0.0,0.0,0.0,0.0,0.0
2,41,0.21951219512195122,0.21951219512195122,0.12195121951219506,0.04354529529599297,0.07317073170731707,-0.07317073170731707,0.1951219512195122,-0.0975609756097561,0.14634146341463414,-0.0975609756097561,0.5365853658536586,0.5853658536585366,0.4634146341463415,0.5365853658536586
3,25,0.16,0.16,0.07999999999999996,0.028284271247461888,0.12,-0.04,0.08,0.0,0.12,-0.04,0.64,0.6,0.6,0.56
