baseline_error,n_cases,pct_any_disagreement,mean_prediction_range,mean_prediction_variance
0,44,0.3181818181818182,0.3409090909090909,0.07386363636363637
1,24,0.3333333333333333,0.3333333333333333,0.06510416666666667
