variant_a,variant_b,agreement_rate,mean_signed_diff,mean_abs_diff,pct_differ,accuracy_a,accuracy_b,accuracy_delta,mcnemar_p,n_discordant,cohens_h,cramers_v
female,male,0.8,-0.04285714285714286,0.21428571428571427,0.2,0.5571428571428572,0.6,0.042857142857142816,0.5810546875,13,-0.08682194755803097,0.7647073343111566
female,nb_ambiguous,0.8857142857142857,0.02857142857142857,0.11428571428571428,0.11428571428571428,0.5571428571428572,0.6285714285714286,0.0714285714285714,0.125,7,-0.1455284994820929,0.7883370773397749
female,nb_label_only,0.8285714285714286,0.08571428571428572,0.17142857142857143,0.17142857142857143,0.5571428571428572,0.6,0.042857142857142816,0.548828125,11,-0.08682194755803097,0.8004636225901527
male,nb_ambiguous,0.8714285714285714,0.07142857142857142,0.12857142857142856,0.12857142857142856,0.6,0.6285714285714286,0.02857142857142858,0.7265625,8,-0.058706551924061934,0.8083814147427784
male,nb_label_only,0.7142857142857143,0.12857142857142856,0.3,0.2857142857142857,0.6,0.6,0.0,1.0,18,0.0,0.7071549095536296
nb_ambiguous,nb_label_only,0.8285714285714286,0.05714285714285714,0.17142857142857143,0.17142857142857143,0.6285714285714286,0.6,-0.02857142857142858,0.7744140625,12,0.058706551924061934,0.8411069530330244
