esi_level,n_cases,pct_any_disagreement,mean_prediction_range,accuracy_range,accuracy_std,deviation_rate_female,mean_deviation_female,deviation_rate_male,mean_deviation_male,deviation_rate_nb_label_only,mean_deviation_nb_label_only,accuracy_female,accuracy_male,accuracy_nb_ambiguous,accuracy_nb_label_only
1,4,0.25,0.25,0.25,0.125,0.25,-0.25,0.0,0.0,0.25,-0.25,0.25,0.0,0.0,0.25
2,41,0.2682926829268293,0.2682926829268293,0.12195121951219512,0.04683625456017445,0.07317073170731707,0.024390243902439025,0.0975609756097561,-0.04878048780487805,0.14634146341463414,0.04878048780487805,0.7560975609756098,0.8292682926829268,0.8048780487804879,0.7073170731707317
3,25,0.44,0.48,0.19999999999999996,0.08246211251235319,0.16,-0.08,0.2,-0.12,0.2,0.12,0.28,0.32,0.44,0.48
