baseline_error,n_cases,pct_any_disagreement,mean_prediction_range,mean_prediction_variance
0,36,0.5277777777777778,0.6388888888888888,0.14756944444444445
1,26,0.5384615384615384,0.5769230769230769,0.12740384615384615
2,6,0.6666666666666666,0.6666666666666666,0.13541666666666666
