variant_a,variant_b,agreement_rate,mean_signed_diff,mean_abs_diff,pct_differ,accuracy_a,accuracy_b,accuracy_delta,mcnemar_p,n_discordant,cohens_h,cramers_v
female,male,0.6571428571428571,-0.1,0.35714285714285715,0.34285714285714286,0.38571428571428573,0.44285714285714284,0.057142857142857106,0.454498291015625,16,-0.11607403805381367,0.6122953665114217
female,nb_ambiguous,0.7,-0.14285714285714285,0.3142857142857143,0.3,0.38571428571428573,0.5142857142857142,0.1285714285714285,0.03515625,15,-0.259185328555406,0.5918638835938553
female,nb_label_only,0.6714285714285714,-0.05714285714285714,0.37142857142857144,0.32857142857142857,0.38571428571428573,0.42857142857142855,0.042857142857142816,0.6072387695312499,15,-0.08726244238074798,0.6273476853127878
male,nb_ambiguous,0.7,-0.04285714285714286,0.3,0.3,0.44285714285714284,0.5142857142857142,0.0714285714285714,0.30175781249999994,15,-0.14311129050159233,0.6392665645552662
male,nb_label_only,0.6571428571428571,0.04285714285714286,0.35714285714285715,0.34285714285714286,0.44285714285714284,0.42857142857142855,-0.01428571428571429,1.0,13,0.028811595673065682,0.7533340037540595
nb_ambiguous,nb_label_only,0.6857142857142857,0.08571428571428572,0.34285714285714286,0.3142857142857143,0.5142857142857142,0.42857142857142855,-0.08571428571428569,0.237884521484375,18,0.171922886174658,0.5761723657802579
