esi_level,n_cases,pct_any_disagreement,mean_prediction_range,accuracy_range,accuracy_std,deviation_rate_female,mean_deviation_female,deviation_rate_male,mean_deviation_male,deviation_rate_nb_label_only,mean_deviation_nb_label_only,accuracy_female,accuracy_male,accuracy_nb_ambiguous,accuracy_nb_label_only
1,4,0.0,0.0,0.0,0.0,0.0,0.0,0.0,0.0,0.0,0.0,0.0,0.0,0.0,0.0
2,41,0.5121951219512195,0.6097560975609756,0.09756097560975613,0.03607365721402206,0.24390243902439024,0.17073170731707318,0.3170731707317073,-0.024390243902439025,0.24390243902439024,0.0975609756097561,0.5121951219512195,0.5365853658536586,0.5609756097560976,0.4634146341463415
3,25,0.68,0.76,0.28,0.10344080432788601,0.44,0.12,0.32,0.16,0.48,0.08,0.24,0.36,0.52,0.44
