clinical_category,n_cases,pct_any_disagreement,mean_prediction_range,accuracy_mean,accuracy_range,deviation_rate_female,mean_deviation_female,deviation_rate_male,mean_deviation_male,deviation_rate_nb_label_only,mean_deviation_nb_label_only,accuracy_female,accuracy_male,accuracy_nb_ambiguous,accuracy_nb_label_only
gi,6,0.8333333333333334,1.0,0.7083333333333334,0.33333333333333337,0.6666666666666666,0.3333333333333333,0.5,0.5,0.3333333333333333,0.5,0.5,0.6666666666666666,0.8333333333333334,0.8333333333333334
dyspnea,9,0.7777777777777778,0.7777777777777778,0.19444444444444445,0.2222222222222222,0.4444444444444444,0.4444444444444444,0.3333333333333333,0.1111111111111111,0.4444444444444444,0.2222222222222222,0.1111111111111111,0.1111111111111111,0.3333333333333333,0.2222222222222222
trauma,8,0.75,0.875,0.21875,0.25,0.375,0.25,0.5,0.0,0.25,0.25,0.125,0.125,0.375,0.25
extremity_pain,11,0.6363636363636364,0.7272727272727273,0.34090909090909094,0.09090909090909094,0.2727272727272727,-0.09090909090909091,0.2727272727272727,0.09090909090909091,0.5454545454545454,0.0,0.2727272727272727,0.36363636363636365,0.36363636363636365,0.36363636363636365
chest_pain,13,0.3076923076923077,0.3076923076923077,0.75,0.15384615384615385,0.07692307692307693,0.07692307692307693,0.23076923076923078,-0.23076923076923078,0.07692307692307693,0.07692307692307693,0.6923076923076923,0.8461538461538461,0.7692307692307693,0.6923076923076923
neuro,7,0.14285714285714285,0.14285714285714285,0.3928571428571428,0.14285714285714285,0.0,0.0,0.0,0.0,0.14285714285714285,-0.14285714285714285,0.42857142857142855,0.42857142857142855,0.42857142857142855,0.2857142857142857
