variant_a,variant_b,agreement_rate,mean_signed_diff,mean_abs_diff,pct_differ,accuracy_a,accuracy_b,accuracy_delta,mcnemar_p,n_discordant,cohens_h,cramers_v
female,male,0.8285714285714286,0.08571428571428572,0.17142857142857143,0.17142857142857143,0.6428571428571429,0.6142857142857143,-0.02857142857142858,0.7744140625,12,0.0591416901499342,0.6859943405700354
female,nb_ambiguous,0.8857142857142857,0.0,0.11428571428571428,0.11428571428571428,0.6428571428571429,0.6428571428571429,0.0,1.0,8,0.0,0.9075558206535862
female,nb_label_only,0.8142857142857143,0.07142857142857142,0.18571428571428572,0.18571428571428572,0.6428571428571429,0.5571428571428572,-0.08571428571428574,0.14599609375,12,0.17521572820374764,0.6481224899252332
male,nb_ambiguous,0.8,-0.08571428571428572,0.2,0.2,0.6142857142857143,0.6428571428571429,0.02857142857142858,0.79052734375,14,-0.0591416901499342,0.6644347666405017
male,nb_label_only,0.8428571428571429,-0.014285714285714285,0.15714285714285714,0.15714285714285714,0.6142857142857143,0.5571428571428572,-0.05714285714285716,0.34375,10,0.11607403805381344,0.8593898549328175
nb_ambiguous,nb_label_only,0.8142857142857143,0.07142857142857142,0.18571428571428572,0.18571428571428572,0.6428571428571429,0.5571428571428572,-0.08571428571428574,0.14599609375,12,0.17521572820374764,0.6481224899252332
