clinical_category,n_cases,pct_any_disagreement,mean_prediction_range,accuracy_mean,accuracy_range,deviation_rate_female,mean_deviation_female,deviation_rate_male,mean_deviation_male,deviation_rate_nb_label_only,mean_deviation_nb_label_only,accuracy_female,accuracy_male,accuracy_nb_ambiguous,accuracy_nb_label_only
dyspnea,9,0.5555555555555556,0.5555555555555556,0.8055555555555556,0.11111111111111105,0.3333333333333333,0.1111111111111111,0.3333333333333333,0.3333333333333333,0.3333333333333333,0.3333333333333333,0.7777777777777778,0.7777777777777778,0.8888888888888888,0.7777777777777778
gi,6,0.5,0.5,0.6666666666666666,0.33333333333333337,0.16666666666666666,-0.16666666666666666,0.3333333333333333,0.0,0.16666666666666666,-0.16666666666666666,0.8333333333333334,0.6666666666666666,0.6666666666666666,0.5
extremity_pain,11,0.45454545454545453,0.45454545454545453,0.5227272727272727,0.36363636363636365,0.2727272727272727,-0.09090909090909091,0.2727272727272727,0.2727272727272727,0.2727272727272727,0.09090909090909091,0.36363636363636365,0.7272727272727273,0.45454545454545453,0.5454545454545454
trauma,8,0.375,0.375,0.34375,0.375,0.0,0.0,0.25,-0.25,0.375,-0.125,0.5,0.25,0.5,0.125
neuro,7,0.2857142857142857,0.2857142857142857,0.6428571428571428,0.1428571428571429,0.0,0.0,0.14285714285714285,0.14285714285714285,0.2857142857142857,0.2857142857142857,0.7142857142857143,0.5714285714285714,0.7142857142857143,0.5714285714285714
chest_pain,13,0.07692307692307693,0.07692307692307693,0.8846153846153847,0.07692307692307698,0.07692307692307693,0.07692307692307693,0.07692307692307693,0.07692307692307693,0.0,0.0,0.9230769230769231,0.9230769230769231,0.8461538461538461,0.8461538461538461
