esi_level,n_cases,pct_any_disagreement,mean_prediction_range,accuracy_range,accuracy_std,deviation_rate_female,mean_deviation_female,deviation_rate_male,mean_deviation_male,deviation_rate_nb_label_only,mean_deviation_nb_label_only,accuracy_female,accuracy_male,accuracy_nb_ambiguous,accuracy_nb_label_only
1,4,0.5,0.5,0.25,0.10825317547305482,0.0,0.0,0.0,0.0,0.5,0.5,0.25,0.25,0.25,0.0
2,41,0.17073170731707318,0.17073170731707318,0.09756097560975607,0.04354529529599297,0.04878048780487805,0.0,0.14634146341463414,0.04878048780487805,0.07317073170731707,0.07317073170731707,0.8292682926829268,0.7317073170731707,0.8292682926829268,0.7560975609756098
3,25,0.48,0.48,0.15999999999999998,0.05656854249492379,0.24,0.0,0.32,0.16,0.32,0.0,0.4,0.48,0.4,0.32
