baseline_error,n_cases,pct_any_disagreement,mean_prediction_range,mean_prediction_variance
0,43,0.3023255813953488,0.32558139534883723,0.07412790697674419
1,24,0.4166666666666667,0.4166666666666667,0.09114583333333333
2,3,0.3333333333333333,0.3333333333333333,0.08333333333333333
