variant_a,variant_b,agreement_rate,mean_signed_diff,mean_abs_diff,pct_differ,accuracy_a,accuracy_b,accuracy_delta,mcnemar_p,n_discordant,cohens_h,cramers_v
female,male,0.8714285714285714,0.04285714285714286,0.12857142857142856,0.12857142857142856,0.5571428571428572,0.5285714285714286,-0.02857142857142858,0.6875,6,0.057361972151636964,0.8050886092126587
female,nb_ambiguous,0.8,-0.07142857142857142,0.21428571428571427,0.2,0.5571428571428572,0.6142857142857143,0.05714285714285716,0.3876953125,12,-0.11607403805381344,0.802862480186171
female,nb_label_only,0.7857142857142857,0.02857142857142857,0.22857142857142856,0.21428571428571427,0.5571428571428572,0.5571428571428572,0.0,1.0,12,0.0,0.6523563707980989
male,nb_ambiguous,0.7714285714285715,-0.11428571428571428,0.22857142857142856,0.22857142857142856,0.5285714285714286,0.6142857142857143,0.08571428571428574,0.1795654296875,14,-0.1734360102054504,0.7384954194144497
male,nb_label_only,0.7857142857142857,-0.014285714285714285,0.21428571428571427,0.21428571428571427,0.5285714285714286,0.5571428571428572,0.02857142857142858,0.7744140625,12,-0.057361972151636964,0.7807092849311066
nb_ambiguous,nb_label_only,0.7857142857142857,0.1,0.21428571428571427,0.21428571428571427,0.6142857142857143,0.5571428571428572,-0.05714285714285716,0.3876953125,12,0.11607403805381344,0.6485443956775919
