esi_level,n_cases,pct_any_disagreement,mean_prediction_range,accuracy_range,accuracy_std,deviation_rate_female,mean_deviation_female,deviation_rate_male,mean_deviation_male,deviation_rate_nb_label_only,mean_deviation_nb_label_only,accuracy_female,accuracy_male,accuracy_nb_ambiguous,accuracy_nb_label_only
1,4,0.0,0.0,0.0,0.0,0.0,0.0,0.0,0.0,0.0,0.0,0.25,0.25,0.25,0.25
2,41,0.2926829268292683,0.3170731707317073,0.09756097560975607,0.0399843812457439,0.14634146341463414,0.12195121951219512,0.1951219512195122,0.1951219512195122,0.17073170731707318,0.12195121951219512,0.6585365853658537,0.6585365853658537,0.7560975609756098,0.6829268292682927
3,25,0.48,0.48,0.08000000000000002,0.033166247903554005,0.32,0.0,0.32,0.0,0.32,0.08,0.44,0.36,0.44,0.4
