clinical_category,n_cases,pct_any_disagreement,mean_prediction_range,accuracy_mean,accuracy_range,deviation_rate_female,mean_deviation_female,deviation_rate_male,mean_deviation_male,deviation_rate_nb_label_only,mean_deviation_nb_label_only,accuracy_female,accuracy_male,accuracy_nb_ambiguous,accuracy_nb_label_only
trauma,8,0.75,0.75,0.1875,0.125,0.5,-0.25,0.5,0.0,0.625,-0.125,0.125,0.125,0.25,0.25
extremity_pain,11,0.45454545454545453,0.45454545454545453,0.6590909090909091,0.18181818181818188,0.18181818181818182,0.0,0.36363636363636365,0.18181818181818182,0.2727272727272727,0.2727272727272727,0.7272727272727273,0.5454545454545454,0.7272727272727273,0.6363636363636364
gi,6,0.3333333333333333,0.3333333333333333,0.5,0.3333333333333333,0.0,0.0,0.16666666666666666,0.16666666666666666,0.16666666666666666,0.16666666666666666,0.5,0.3333333333333333,0.5,0.6666666666666666
dyspnea,9,0.3333333333333333,0.3333333333333333,0.5833333333333333,0.2222222222222222,0.3333333333333333,0.1111111111111111,0.2222222222222222,0.0,0.2222222222222222,0.0,0.5555555555555556,0.6666666666666666,0.6666666666666666,0.4444444444444444
chest_pain,13,0.23076923076923078,0.23076923076923078,0.8269230769230769,0.07692307692307687,0.0,0.0,0.0,0.0,0.23076923076923078,0.23076923076923078,0.8461538461538461,0.8461538461538461,0.8461538461538461,0.7692307692307693
neuro,7,0.0,0.0,0.5714285714285714,0.0,0.0,0.0,0.0,0.0,0.0,0.0,0.5714285714285714,0.5714285714285714,0.5714285714285714,0.5714285714285714
