baseline_error,n_cases,pct_any_disagreement,mean_prediction_range,mean_prediction_variance
0,35,0.14285714285714285,0.14285714285714285,0.03214285714285714
1,33,0.3939393939393939,0.3939393939393939,0.08143939393939394
