variant_a,variant_b,agreement_rate,mean_signed_diff,mean_abs_diff,pct_differ,accuracy_a,accuracy_b,accuracy_delta,mcnemar_p,n_discordant,cohens_h,cramers_v
female,male,0.8714285714285714,0.07142857142857142,0.12857142857142856,0.12857142857142856,0.5857142857142857,0.5571428571428572,-0.02857142857142858,0.7265625,8,0.05774355049572155,0.6796178234858377
female,nb_ambiguous,0.8142857142857143,0.1,0.18571428571428572,0.18571428571428572,0.5857142857142857,0.5,-0.08571428571428574,0.109375,10,0.17227952372802124,0.7164868174897132
female,nb_label_only,0.8571428571428571,0.0,0.14285714285714285,0.14285714285714285,0.5857142857142857,0.5285714285714286,-0.05714285714285716,0.2890625,8,0.11510552264735852,0.7425955633665658
male,nb_ambiguous,0.8571428571428571,0.02857142857142857,0.14285714285714285,0.14285714285714285,0.5571428571428572,0.5,-0.05714285714285716,0.2890625,8,0.11453597323229969,0.7754399973837329
male,nb_label_only,0.8428571428571429,-0.07142857142857142,0.15714285714285714,0.15714285714285714,0.5571428571428572,0.5285714285714286,-0.02857142857142858,0.75390625,10,0.057361972151636964,0.7531230044201628
nb_ambiguous,nb_label_only,0.8428571428571429,-0.1,0.15714285714285714,0.15714285714285714,0.5,0.5285714285714286,0.02857142857142858,0.75390625,10,-0.05717400108066273,0.7346410708181221
