esi_level,n_cases,pct_any_disagreement,mean_prediction_range,accuracy_range,accuracy_std,deviation_rate_female,mean_deviation_female,deviation_rate_male,mean_deviation_male,deviation_rate_nb_label_only,mean_deviation_nb_label_only,accuracy_female,accuracy_male,accuracy_nb_ambiguous,accuracy_nb_label_only
1,4,0.5,0.5,0.25,0.10825317547305482,0.25,-0.25,0.5,-0.5,0.25,-0.25,0.0,0.25,0.0,0.0
2,41,0.1951219512195122,0.1951219512195122,0.1707317073170731,0.0606699656772329,0.1951219512195122,-0.14634146341463414,0.12195121951219512,-0.07317073170731707,0.0975609756097561,-0.0975609756097561,0.7073170731707317,0.6341463414634146,0.5365853658536586,0.6341463414634146
3,25,0.36,0.36,0.08000000000000002,0.02828427124746191,0.16,0.0,0.12,0.12,0.24,-0.08,0.48,0.48,0.52,0.44
