clinical_category,n_cases,pct_any_disagreement,mean_prediction_range,accuracy_mean,accuracy_range,deviation_rate_female,mean_deviation_female,deviation_rate_male,mean_deviation_male,deviation_rate_nb_label_only,mean_deviation_nb_label_only,accuracy_female,accuracy_male,accuracy_nb_ambiguous,accuracy_nb_label_only
extremity_pain,11,0.45454545454545453,0.45454545454545453,0.7045454545454546,0.2727272727272728,0.09090909090909091,0.09090909090909091,0.2727272727272727,0.2727272727272727,0.2727272727272727,-0.09090909090909091,0.7272727272727273,0.7272727272727273,0.8181818181818182,0.5454545454545454
trauma,8,0.375,0.375,0.25,0.0,0.375,-0.125,0.125,0.125,0.25,-0.25,0.25,0.25,0.25,0.25
dyspnea,9,0.3333333333333333,0.3333333333333333,0.36111111111111105,0.2222222222222222,0.1111111111111111,-0.1111111111111111,0.2222222222222222,-0.2222222222222222,0.2222222222222222,0.0,0.3333333333333333,0.4444444444444444,0.2222222222222222,0.4444444444444444
chest_pain,13,0.23076923076923078,0.23076923076923078,0.75,0.23076923076923073,0.23076923076923078,-0.23076923076923078,0.15384615384615385,-0.15384615384615385,0.15384615384615385,-0.15384615384615385,0.8461538461538461,0.7692307692307693,0.6153846153846154,0.7692307692307693
neuro,7,0.14285714285714285,0.14285714285714285,0.5357142857142857,0.14285714285714285,0.14285714285714285,-0.14285714285714285,0.14285714285714285,-0.14285714285714285,0.14285714285714285,-0.14285714285714285,0.5714285714285714,0.5714285714285714,0.42857142857142855,0.5714285714285714
gi,6,0.0,0.0,0.6666666666666666,0.0,0.0,0.0,0.0,0.0,0.0,0.0,0.6666666666666666,0.6666666666666666,0.6666666666666666,0.6666666666666666
