baseline_error,n_cases,pct_any_disagreement,mean_prediction_range,mean_prediction_variance
0,36,0.19444444444444445,0.19444444444444445,0.03993055555555555
1,32,0.21875,0.21875,0.046875
