variant_a,variant_b,agreement_rate,mean_signed_diff,mean_abs_diff,pct_differ,accuracy_a,accuracy_b,accuracy_delta,mcnemar_p,n_discordant,cohens_h,cramers_v
female,male,0.8857142857142857,0.02857142857142857,0.11428571428571428,0.11428571428571428,0.4857142857142857,0.5,0.01428571428571429,1.0,7,-0.028575317269292855,0.9127677761834003
female,nb_ambiguous,0.9142857142857143,0.02857142857142857,0.08571428571428572,0.08571428571428572,0.4857142857142857,0.5142857142857142,0.028571428571428525,0.6875,6,-0.057150634538585265,0.940267480083691
female,nb_label_only,0.9,0.014285714285714285,0.1,0.1,0.4857142857142857,0.4714285714285714,-0.01428571428571429,1.0,5,0.02859868381137054,0.883669268634091
male,nb_ambiguous,0.9142857142857143,0.0,0.08571428571428572,0.08571428571428572,0.5,0.5142857142857142,0.014285714285714235,1.0,5,-0.02857531726929241,0.9205167047058754
male,nb_label_only,0.8714285714285714,-0.014285714285714285,0.12857142857142856,0.12857142857142856,0.5,0.4714285714285714,-0.02857142857142858,0.7265625,8,0.057174001080663395,0.867522317657924
nb_ambiguous,nb_label_only,0.8428571428571429,-0.014285714285714285,0.15714285714285714,0.15714285714285714,0.5142857142857142,0.4714285714285714,-0.042857142857142816,0.5078125,9,0.0857493183499558,0.8449712374228961
