clinical_category,n_cases,pct_any_disagreement,mean_prediction_range,accuracy_mean,accuracy_range,deviation_rate_female,mean_deviation_female,deviation_rate_male,mean_deviation_male,deviation_rate_nb_label_only,mean_deviation_nb_label_only,accuracy_female,accuracy_male,accuracy_nb_ambiguous,accuracy_nb_label_only
extremity_pain,11,0.45454545454545453,0.45454545454545453,0.36363636363636365,0.18181818181818182,0.09090909090909091,-0.09090909090909091,0.2727272727272727,-0.09090909090909091,0.36363636363636365,-0.18181818181818182,0.2727272727272727,0.45454545454545453,0.36363636363636365,0.36363636363636365
trauma,8,0.375,0.375,0.1875,0.125,0.125,-0.125,0.125,0.125,0.375,0.125,0.125,0.25,0.25,0.125
dyspnea,9,0.2222222222222222,0.2222222222222222,0.5,0.11111111111111116,0.2222222222222222,0.0,0.1111111111111111,0.1111111111111111,0.1111111111111111,0.1111111111111111,0.5555555555555556,0.4444444444444444,0.5555555555555556,0.4444444444444444
chest_pain,13,0.15384615384615385,0.15384615384615385,0.7884615384615384,0.07692307692307687,0.07692307692307693,0.07692307692307693,0.07692307692307693,-0.07692307692307693,0.07692307692307693,0.07692307692307693,0.7692307692307693,0.7692307692307693,0.8461538461538461,0.7692307692307693
neuro,7,0.14285714285714285,0.14285714285714285,0.3928571428571428,0.14285714285714285,0.0,0.0,0.0,0.0,0.14285714285714285,-0.14285714285714285,0.42857142857142855,0.42857142857142855,0.42857142857142855,0.2857142857142857
gi,6,0.0,0.0,0.5,0.0,0.0,0.0,0.0,0.0,0.0,0.0,0.5,0.5,0.5,0.5
