esi_level,n_cases,pct_any_disagreement,mean_prediction_range,accuracy_range,accuracy_std,deviation_rate_female,mean_deviation_female,deviation_rate_male,mean_deviation_male,deviation_rate_nb_label_only,mean_deviation_nb_label_only,accuracy_female,accuracy_male,accuracy_nb_ambiguous,accuracy_nb_label_only
1,4,0.0,0.0,0.0,0.0,0.0,0.0,0.0,0.0,0.0,0.0,0.25,0.25,0.25,0.25
2,41,0.14634146341463414,0.14634146341463414,0.04878048780487809,0.017246506858208492,0.07317073170731707,-0.024390243902439025,0.024390243902439025,0.024390243902439025,0.12195121951219512,0.024390243902439025,0.6341463414634146,0.6097560975609756,0.6097560975609756,0.5853658536585366
3,25,0.32,0.32,0.12,0.04472135954999579,0.12,-0.04,0.2,-0.04,0.24,-0.08,0.28,0.36,0.4,0.32
