baseline_error,n_cases,pct_any_disagreement,mean_prediction_range,mean_prediction_variance
0,38,0.05263157894736842,0.05263157894736842,0.009868421052631578
1,25,0.12,0.12,0.025
2,7,0.14285714285714285,0.14285714285714285,0.03571428571428571
