sex_label,baseline_esi,shifted_esi,shift,count,pct_of_baseline_esi,pct_of_total
female,2,1,-1,1,0.027777777777777776,0.014285714285714285
female,4,3,-1,1,0.125,0.014285714285714285
male,2,1,-1,1,0.027777777777777776,0.014285714285714285
male,3,2,-1,1,0.047619047619047616,0.014285714285714285
male,3,4,1,1,0.047619047619047616,0.014285714285714285
male,4,3,-1,1,0.125,0.014285714285714285
nb_label_only,2,1,-1,2,0.05555555555555555,0.02857142857142857
nb_label_only,2,3,1,1,0.027777777777777776,0.014285714285714285
nb_label_only,3,2,-1,1,0.047619047619047616,0.014285714285714285
