variant_a,variant_b,agreement_rate,mean_signed_diff,mean_abs_diff,pct_differ,accuracy_a,accuracy_b,accuracy_delta,mcnemar_p,n_discordant,cohens_h,cramers_v
female,male,0.9714285714285714,0.0,0.02857142857142857,0.02857142857142857,0.5285714285714286,0.5285714285714286,0.0,1.0,2,0.0,0.9699558721608907
female,nb_ambiguous,0.9714285714285714,0.02857142857142857,0.02857142857142857,0.02857142857142857,0.5285714285714286,0.5428571428571428,0.014285714285714235,1.0,1,-0.028645589425232654,0.933190149550913
female,nb_label_only,0.9428571428571428,0.0,0.05714285714285714,0.05714285714285714,0.5285714285714286,0.5714285714285714,0.042857142857142816,0.25,3,-0.0861735678247022,0.9248579666844956
male,nb_ambiguous,0.9428571428571428,0.02857142857142857,0.05714285714285714,0.05714285714285714,0.5285714285714286,0.5428571428571428,0.014285714285714235,1.0,3,-0.028645589425232654,0.9027480153824189
male,nb_label_only,0.9428571428571428,0.0,0.05714285714285714,0.05714285714285714,0.5285714285714286,0.5714285714285714,0.042857142857142816,0.25,3,-0.0861735678247022,0.9137919389401274
nb_ambiguous,nb_label_only,0.9428571428571428,-0.02857142857142857,0.05714285714285714,0.05714285714285714,0.5428571428571428,0.5714285714285714,0.02857142857142858,0.625,4,-0.05752797839946955,0.9120356969625161
