esi_level,n_cases,pct_any_disagreement,mean_prediction_range,accuracy_range,accuracy_std,deviation_rate_female,mean_deviation_female,deviation_rate_male,mean_deviation_male,deviation_rate_nb_label_only,mean_deviation_nb_label_only,accuracy_female,accuracy_male,accuracy_nb_ambiguous,accuracy_nb_label_only
1,4,0.25,0.25,0.25,0.10825317547305482,0.0,0.0,0.0,0.0,0.25,-0.25,0.25,0.25,0.25,0.5
2,41,0.07317073170731707,0.07317073170731707,0.024390243902439046,0.010561285412005359,0.04878048780487805,-0.04878048780487805,0.07317073170731707,-0.07317073170731707,0.04878048780487805,-0.04878048780487805,0.6341463414634146,0.6585365853658537,0.6585365853658537,0.6585365853658537
3,25,0.08,0.08,0.08000000000000002,0.02828427124746191,0.0,0.0,0.04,0.04,0.04,0.04,0.4,0.36,0.4,0.44
